studentId,subject,internalMarks,assignmentSubmitted,behaviourScore
1001,OS,10,True,2
1001,DBMS,5,False,7
1001,CN,27,True,5
1001,AI,6,False,3
1001,SE,21,False,7
1002,OS,29,True,7
1002,DBMS,18,False,2
1002,CN,11,True,3
1002,AI,19,True,4
1002,SE,13,False,3
1003,OS,12,False,2
1003,DBMS,9,False,7
1003,CN,10,True,1
1003,AI,14,True,6
1003,SE,16,False,6
1004,OS,7,True,3
1004,DBMS,23,False,1
1004,CN,20,True,4
1004,AI,26,False,10
1004,SE,16,True,9
1005,OS,25,True,5
1005,DBMS,10,False,6
1005,CN,16,False,3
1005,AI,11,False,3
1005,SE,7,True,8
1006,OS,12,True,2
1006,DBMS,26,True,2
1006,CN,15,True,10
1006,AI,28,True,5
1006,SE,16,False,1
1007,OS,24,False,3
1007,DBMS,18,True,7
1007,CN,15,True,5
1007,AI,9,False,1
1007,SE,23,True,3
1008,OS,6,True,9
1008,DBMS,30,False,9
1008,CN,21,False,8
1008,AI,17,True,1
1008,SE,10,True,9
1009,OS,13,False,10
1009,DBMS,15,True,1
1009,CN,17,False,5
1009,AI,22,False,9
1009,SE,22,False,5
1010,OS,22,False,8
1010,DBMS,11,True,8
1010,CN,28,True,5
1010,AI,23,False,9
1010,SE,16,False,5
1011,OS,17,False,8
1011,DBMS,11,True,9
1011,CN,6,True,10
1011,AI,11,False,1
1011,SE,5,False,4
1012,OS,16,False,10
1012,DBMS,29,True,10
1012,CN,23,False,5
1012,AI,8,False,2
1012,SE,14,True,8
1013,OS,16,True,6
1013,DBMS,13,False,8
1013,CN,20,True,8
1013,AI,14,True,8
1013,SE,15,False,10
1014,OS,27,False,3
1014,DBMS,24,True,3
1014,CN,18,False,1
1014,AI,14,False,10
1014,SE,11,True,1
1015,OS,15,False,7
1015,DBMS,17,True,3
1015,CN,11,False,3
1015,AI,19,True,10
1015,SE,28,False,10
1016,OS,11,False,10
1016,DBMS,12,True,4
1016,CN,26,True,2
1016,AI,9,False,10
1016,SE,18,True,4
1017,OS,16,True,8
1017,DBMS,13,True,7
1017,CN,19,False,9
1017,AI,30,True,3
1017,SE,17,True,1
1018,OS,9,True,2
1018,DBMS,8,False,6
1018,CN,24,True,1
1018,AI,6,True,5
1018,SE,27,False,1
1019,OS,8,False,1
1019,DBMS,21,False,8
1019,CN,29,False,2
1019,AI,26,False,9
1019,SE,20,False,3
1020,OS,10,True,1
1020,DBMS,22,False,2
1020,CN,18,True,6
1020,AI,10,False,6
1020,SE,13,False,5
1021,OS,13,False,7
1021,DBMS,19,False,4
1021,CN,30,False,3
1021,AI,21,True,10
1021,SE,21,False,8
1022,OS,24,True,5
1022,DBMS,24,True,7
1022,CN,21,True,9
1022,AI,7,True,7
1022,SE,20,True,1
1023,OS,14,False,3
1023,DBMS,27,False,4
1023,CN,7,True,6
1023,AI,28,True,3
1023,SE,6,True,9
1024,OS,7,True,8
1024,DBMS,25,True,5
1024,CN,8,False,1
1024,AI,10,True,8
1024,SE,22,True,4
1025,OS,16,True,5
1025,DBMS,27,True,1
1025,CN,19,False,10
1025,AI,10,True,1
1025,SE,27,True,2
1026,OS,10,False,9
1026,DBMS,15,True,9
1026,CN,17,True,1
1026,AI,27,False,7
1026,SE,13,True,1
1027,OS,6,True,5
1027,DBMS,21,False,3
1027,CN,8,True,10
1027,AI,25,True,7
1027,SE,19,False,8
1028,OS,17,True,3
1028,DBMS,21,True,2
1028,CN,30,True,1
1028,AI,10,True,9
1028,SE,23,True,9
1029,OS,23,False,8
1029,DBMS,27,False,2
1029,CN,19,False,7
1029,AI,26,True,4
1029,SE,23,True,2
1030,OS,28,True,7
1030,DBMS,10,False,1
1030,CN,20,True,1
1030,AI,11,False,7
1030,SE,19,False,6
1031,OS,14,False,4
1031,DBMS,5,True,2
1031,CN,14,True,2
1031,AI,17,False,6
1031,SE,29,False,10
1032,OS,5,True,4
1032,DBMS,12,True,5
1032,CN,6,False,1
1032,AI,14,False,7
1032,SE,17,False,7
1033,OS,14,False,7
1033,DBMS,23,True,8
1033,CN,12,False,10
1033,AI,26,True,4
1033,SE,27,False,1
1034,OS,19,False,2
1034,DBMS,19,False,9
1034,CN,11,False,3
1034,AI,14,False,8
1034,SE,27,False,9
1035,OS,26,False,6
1035,DBMS,26,False,7
1035,CN,21,True,4
1035,AI,5,False,3
1035,SE,24,False,6
1036,OS,19,False,6
1036,DBMS,18,True,6
1036,CN,19,False,1
1036,AI,27,False,8
1036,SE,28,False,4
1037,OS,6,True,6
1037,DBMS,24,False,9
1037,CN,11,False,5
1037,AI,18,True,2
1037,SE,21,True,6
1038,OS,10,True,10
1038,DBMS,20,False,9
1038,CN,6,False,4
1038,AI,7,False,7
1038,SE,24,False,3
1039,OS,14,True,2
1039,DBMS,13,True,1
1039,CN,16,False,9
1039,AI,13,True,8
1039,SE,25,True,9
1040,OS,27,True,10
1040,DBMS,6,True,7
1040,CN,27,True,2
1040,AI,5,False,3
1040,SE,10,True,5
1041,OS,29,True,4
1041,DBMS,21,True,5
1041,CN,23,True,6
1041,AI,28,True,3
1041,SE,29,True,8
1042,OS,19,True,1
1042,DBMS,12,True,3
1042,CN,30,True,6
1042,AI,8,True,2
1042,SE,22,True,2
1043,OS,14,True,7
1043,DBMS,23,False,5
1043,CN,16,True,5
1043,AI,16,False,5
1043,SE,5,True,4
1044,OS,23,True,9
1044,DBMS,12,False,3
1044,CN,9,False,8
1044,AI,13,False,1
1044,SE,20,False,9
1045,OS,22,True,1
1045,DBMS,29,False,2
1045,CN,13,False,4
1045,AI,12,False,7
1045,SE,22,True,1
1046,OS,25,True,6
1046,DBMS,24,True,7
1046,CN,7,True,7
1046,AI,12,True,3
1046,SE,16,False,4
1047,OS,22,False,1
1047,DBMS,17,False,6
1047,CN,7,False,3
1047,AI,10,False,4
1047,SE,11,False,10
1048,OS,25,True,4
1048,DBMS,23,True,7
1048,CN,5,False,4
1048,AI,30,False,1
1048,SE,19,False,5
1049,OS,9,True,4
1049,DBMS,14,False,6
1049,CN,12,True,5
1049,AI,30,False,1
1049,SE,20,False,6
1050,OS,28,False,9
1050,DBMS,24,False,2
1050,CN,19,False,6
1050,AI,19,False,9
1050,SE,19,False,4
1051,OS,8,False,7
1051,DBMS,12,False,9
1051,CN,23,True,2
1051,AI,30,True,3
1051,SE,8,True,9
1052,OS,23,False,4
1052,DBMS,9,True,4
1052,CN,25,False,10
1052,AI,21,False,5
1052,SE,22,False,7
1053,OS,30,False,2
1053,DBMS,10,False,3
1053,CN,19,False,6
1053,AI,20,False,4
1053,SE,26,True,4
1054,OS,20,True,3
1054,DBMS,19,False,4
1054,CN,13,False,2
1054,AI,29,True,6
1054,SE,5,True,8
1055,OS,28,False,10
1055,DBMS,30,False,6
1055,CN,14,False,1
1055,AI,12,False,4
1055,SE,24,True,8
1056,OS,13,True,6
1056,DBMS,21,False,7
1056,CN,22,False,9
1056,AI,24,True,2
1056,SE,25,True,6
1057,OS,19,False,3
1057,DBMS,9,True,4
1057,CN,10,True,6
1057,AI,8,True,1
1057,SE,22,False,9
1058,OS,27,True,5
1058,DBMS,29,False,3
1058,CN,19,True,2
1058,AI,23,True,6
1058,SE,9,False,8
1059,OS,27,False,7
1059,DBMS,26,False,4
1059,CN,16,False,6
1059,AI,17,True,4
1059,SE,10,False,9
1060,OS,21,False,1
1060,DBMS,26,True,4
1060,CN,27,False,2
1060,AI,14,True,9
1060,SE,12,False,4
1061,OS,9,False,3
1061,DBMS,27,True,2
1061,CN,24,False,10
1061,AI,22,False,6
1061,SE,10,True,9
1062,OS,18,True,7
1062,DBMS,7,True,3
1062,CN,27,True,8
1062,AI,17,True,2
1062,SE,8,True,10
1063,OS,13,True,6
1063,DBMS,5,False,2
1063,CN,18,True,1
1063,AI,16,False,2
1063,SE,8,True,3
1064,OS,23,False,3
1064,DBMS,21,False,1
1064,CN,27,False,4
1064,AI,7,True,2
1064,SE,25,False,4
1065,OS,15,False,1
1065,DBMS,16,True,1
1065,CN,13,True,7
1065,AI,6,False,9
1065,SE,13,False,10
1066,OS,27,False,10
1066,DBMS,7,True,8
1066,CN,12,False,8
1066,AI,27,False,9
1066,SE,10,True,4
1067,OS,22,True,2
1067,DBMS,6,True,10
1067,CN,14,True,5
1067,AI,23,True,6
1067,SE,10,False,3
1068,OS,13,False,6
1068,DBMS,9,True,1
1068,CN,11,False,7
1068,AI,27,True,5
1068,SE,23,False,8
1069,OS,21,True,10
1069,DBMS,9,False,4
1069,CN,5,True,5
1069,AI,23,True,2
1069,SE,29,False,2
1070,OS,18,True,10
1070,DBMS,5,False,6
1070,CN,10,False,5
1070,AI,13,False,9
1070,SE,5,False,10
1071,OS,14,False,6
1071,DBMS,14,False,2
1071,CN,11,False,4
1071,AI,16,False,1
1071,SE,15,True,1
1072,OS,18,False,9
1072,DBMS,29,True,9
1072,CN,27,True,1
1072,AI,26,False,9
1072,SE,26,True,10
1073,OS,26,True,3
1073,DBMS,26,True,2
1073,CN,5,True,5
1073,AI,13,False,10
1073,SE,17,True,7
1074,OS,30,False,3
1074,DBMS,11,True,6
1074,CN,16,True,4
1074,AI,9,False,10
1074,SE,16,True,2
1075,OS,21,False,2
1075,DBMS,19,False,8
1075,CN,9,False,4
1075,AI,10,True,3
1075,SE,9,False,10
1076,OS,5,True,3
1076,DBMS,10,False,3
1076,CN,19,False,7
1076,AI,24,True,1
1076,SE,30,False,10
1077,OS,26,True,7
1077,DBMS,6,False,1
1077,CN,21,False,8
1077,AI,10,False,4
1077,SE,29,False,4
1078,OS,23,False,9
1078,DBMS,13,True,10
1078,CN,6,False,9
1078,AI,10,False,10
1078,SE,16,False,1
1079,OS,12,True,10
1079,DBMS,20,True,4
1079,CN,30,False,1
1079,AI,9,False,5
1079,SE,14,False,4
1080,OS,7,True,10
1080,DBMS,21,True,2
1080,CN,8,True,10
1080,AI,14,False,9
1080,SE,13,True,2
1081,OS,17,False,4
1081,DBMS,20,False,3
1081,CN,23,False,7
1081,AI,28,True,10
1081,SE,25,True,6
1082,OS,17,False,1
1082,DBMS,6,False,10
1082,CN,19,False,3
1082,AI,8,True,5
1082,SE,27,False,2
1083,OS,11,False,4
1083,DBMS,19,True,9
1083,CN,22,True,7
1083,AI,7,False,5
1083,SE,5,False,5
1084,OS,30,True,10
1084,DBMS,28,False,8
1084,CN,13,True,5
1084,AI,27,True,10
1084,SE,6,True,6
1085,OS,11,True,5
1085,DBMS,30,True,9
1085,CN,6,True,5
1085,AI,29,True,4
1085,SE,6,False,3
1086,OS,16,False,2
1086,DBMS,9,True,6
1086,CN,19,False,8
1086,AI,18,False,3
1086,SE,21,False,9
1087,OS,17,False,7
1087,DBMS,28,False,1
1087,CN,22,True,2
1087,AI,20,False,8
1087,SE,19,True,4
1088,OS,13,True,9
1088,DBMS,7,False,8
1088,CN,9,True,8
1088,AI,19,False,1
1088,SE,21,True,7
1089,OS,11,True,7
1089,DBMS,16,False,2
1089,CN,20,False,1
1089,AI,12,False,4
1089,SE,26,False,4
1090,OS,17,True,3
1090,DBMS,28,False,4
1090,CN,6,False,5
1090,AI,17,False,1
1090,SE,5,True,6
1091,OS,8,True,7
1091,DBMS,10,True,3
1091,CN,14,True,9
1091,AI,22,True,8
1091,SE,21,False,6
1092,OS,21,False,6
1092,DBMS,25,True,1
1092,CN,22,False,8
1092,AI,5,True,4
1092,SE,29,True,4
1093,OS,24,False,9
1093,DBMS,14,True,7
1093,CN,25,True,9
1093,AI,23,False,7
1093,SE,15,False,6
1094,OS,6,False,4
1094,DBMS,13,True,7
1094,CN,27,False,4
1094,AI,27,False,3
1094,SE,11,False,6
1095,OS,5,True,10
1095,DBMS,14,True,9
1095,CN,14,False,2
1095,AI,16,False,8
1095,SE,17,True,5
1096,OS,30,True,10
1096,DBMS,9,True,10
1096,CN,17,False,9
1096,AI,13,False,9
1096,SE,16,True,4
1097,OS,7,True,2
1097,DBMS,12,True,8
1097,CN,26,True,5
1097,AI,27,False,7
1097,SE,29,False,10
1098,OS,30,False,3
1098,DBMS,18,True,7
1098,CN,25,True,6
1098,AI,6,False,5
1098,SE,14,True,2
1099,OS,29,True,6
1099,DBMS,29,False,8
1099,CN,13,False,5
1099,AI,13,False,1
1099,SE,28,False,5
1100,OS,9,False,7
1100,DBMS,13,False,6
1100,CN,14,False,10
1100,AI,30,True,5
1100,SE,22,True,6
1101,OS,14,True,8
1101,DBMS,10,False,2
1101,CN,28,False,10
1101,AI,28,False,7
1101,SE,16,False,10
1102,OS,25,True,10
1102,DBMS,13,True,3
1102,CN,26,True,10
1102,AI,26,False,2
1102,SE,14,True,10
1103,OS,17,True,2
1103,DBMS,10,False,10
1103,CN,17,True,6
1103,AI,14,False,2
1103,SE,28,True,10
1104,OS,8,True,5
1104,DBMS,21,True,3
1104,CN,30,True,6
1104,AI,11,True,4
1104,SE,19,True,6
1105,OS,14,False,10
1105,DBMS,8,True,6
1105,CN,27,False,2
1105,AI,30,False,6
1105,SE,23,True,2
1106,OS,20,True,8
1106,DBMS,28,True,1
1106,CN,7,False,1
1106,AI,6,True,3
1106,SE,20,False,4
1107,OS,15,True,1
1107,DBMS,12,True,4
1107,CN,30,True,5
1107,AI,5,True,10
1107,SE,7,False,1
1108,OS,13,False,7
1108,DBMS,7,True,8
1108,CN,23,True,5
1108,AI,18,False,6
1108,SE,19,False,3
1109,OS,16,False,6
1109,DBMS,7,False,3
1109,CN,16,True,6
1109,AI,19,False,2
1109,SE,28,False,1
1110,OS,30,False,8
1110,DBMS,29,True,3
1110,CN,5,True,1
1110,AI,16,True,5
1110,SE,23,True,1
1111,OS,18,False,8
1111,DBMS,11,True,9
1111,CN,10,True,5
1111,AI,15,True,8
1111,SE,26,False,3
1112,OS,24,True,10
1112,DBMS,14,True,4
1112,CN,10,False,5
1112,AI,15,True,10
1112,SE,28,False,1
1113,OS,28,True,6
1113,DBMS,24,False,2
1113,CN,18,True,7
1113,AI,17,False,3
1113,SE,21,True,5
1114,OS,5,True,3
1114,DBMS,10,False,4
1114,CN,18,True,5
1114,AI,5,True,3
1114,SE,19,True,4
1115,OS,25,False,8
1115,DBMS,5,False,10
1115,CN,16,False,4
1115,AI,26,True,6
1115,SE,18,True,8
1116,OS,10,False,10
1116,DBMS,20,False,3
1116,CN,14,True,8
1116,AI,18,True,5
1116,SE,8,True,1
1117,OS,13,False,1
1117,DBMS,18,True,5
1117,CN,14,True,3
1117,AI,6,True,5
1117,SE,13,True,4
1118,OS,10,True,3
1118,DBMS,10,True,7
1118,CN,18,True,5
1118,AI,9,True,1
1118,SE,6,True,10
1119,OS,12,True,4
1119,DBMS,16,False,2
1119,CN,12,False,7
1119,AI,21,True,2
1119,SE,26,False,2
1120,OS,23,True,10
1120,DBMS,17,False,1
1120,CN,22,True,6
1120,AI,29,True,7
1120,SE,23,True,8
1121,OS,28,False,10
1121,DBMS,22,True,3
1121,CN,30,False,7
1121,AI,24,True,4
1121,SE,16,True,1
1122,OS,15,True,6
1122,DBMS,18,False,5
1122,CN,13,False,10
1122,AI,29,False,10
1122,SE,18,True,9
1123,OS,25,True,9
1123,DBMS,21,False,6
1123,CN,14,True,6
1123,AI,29,False,4
1123,SE,8,False,5
1124,OS,22,False,10
1124,DBMS,25,True,2
1124,CN,26,True,3
1124,AI,23,False,8
1124,SE,6,False,9
1125,OS,24,True,7
1125,DBMS,21,False,6
1125,CN,30,True,10
1125,AI,24,False,5
1125,SE,15,False,4
1126,OS,8,False,7
1126,DBMS,19,False,7
1126,CN,7,True,9
1126,AI,10,True,9
1126,SE,23,False,1
1127,OS,19,False,10
1127,DBMS,26,False,9
1127,CN,19,True,6
1127,AI,20,False,9
1127,SE,5,True,7
1128,OS,11,True,5
1128,DBMS,15,True,5
1128,CN,21,False,8
1128,AI,24,True,4
1128,SE,25,True,3
1129,OS,13,True,8
1129,DBMS,29,False,7
1129,CN,22,False,2
1129,AI,7,False,7
1129,SE,12,True,4
1130,OS,17,False,3
1130,DBMS,9,True,7
1130,CN,14,True,6
1130,AI,27,False,7
1130,SE,12,True,6
1131,OS,18,True,6
1131,DBMS,7,True,4
1131,CN,26,True,10
1131,AI,22,False,3
1131,SE,7,False,7
1132,OS,28,True,3
1132,DBMS,22,False,9
1132,CN,17,False,1
1132,AI,24,True,2
1132,SE,28,True,8
1133,OS,10,False,2
1133,DBMS,30,False,9
1133,CN,5,True,10
1133,AI,14,True,7
1133,SE,6,False,8
1134,OS,21,False,3
1134,DBMS,11,True,4
1134,CN,15,True,1
1134,AI,26,False,4
1134,SE,29,True,2
1135,OS,19,True,10
1135,DBMS,24,True,5
1135,CN,10,False,6
1135,AI,14,False,9
1135,SE,15,True,5
1136,OS,28,True,3
1136,DBMS,16,True,6
1136,CN,19,False,1
1136,AI,5,False,5
1136,SE,13,True,5
1137,OS,21,False,6
1137,DBMS,30,False,6
1137,CN,15,False,9
1137,AI,8,False,7
1137,SE,11,False,1
1138,OS,18,False,4
1138,DBMS,12,True,8
1138,CN,19,False,9
1138,AI,16,False,7
1138,SE,10,True,4
1139,OS,17,False,4
1139,DBMS,14,False,8
1139,CN,19,True,8
1139,AI,21,False,8
1139,SE,6,False,9
1140,OS,20,True,5
1140,DBMS,16,False,5
1140,CN,23,False,1
1140,AI,6,True,8
1140,SE,27,True,1
1141,OS,15,False,6
1141,DBMS,17,False,9
1141,CN,13,True,8
1141,AI,29,False,6
1141,SE,12,True,1
1142,OS,6,True,10
1142,DBMS,29,False,3
1142,CN,12,True,6
1142,AI,14,False,7
1142,SE,6,True,4
1143,OS,29,False,4
1143,DBMS,27,False,3
1143,CN,25,True,4
1143,AI,10,True,6
1143,SE,18,True,4
1144,OS,23,True,5
1144,DBMS,12,True,6
1144,CN,28,True,3
1144,AI,11,True,4
1144,SE,26,False,6
1145,OS,29,True,5
1145,DBMS,26,False,1
1145,CN,21,False,6
1145,AI,12,True,10
1145,SE,10,True,5
1146,OS,11,False,8
1146,DBMS,30,True,9
1146,CN,30,True,6
1146,AI,5,False,4
1146,SE,29,True,1
1147,OS,9,True,10
1147,DBMS,25,True,1
1147,CN,26,False,9
1147,AI,15,False,1
1147,SE,16,True,1
1148,OS,18,True,2
1148,DBMS,21,True,5
1148,CN,15,True,2
1148,AI,9,True,5
1148,SE,7,True,4
1149,OS,30,False,7
1149,DBMS,25,True,8
1149,CN,24,True,7
1149,AI,29,False,7
1149,SE,15,False,3
1150,OS,16,False,5
1150,DBMS,17,False,5
1150,CN,27,True,1
1150,AI,14,False,5
1150,SE,22,True,3
1151,OS,18,True,2
1151,DBMS,25,False,9
1151,CN,29,False,3
1151,AI,5,False,8
1151,SE,21,False,4
1152,OS,27,False,10
1152,DBMS,5,True,9
1152,CN,19,True,5
1152,AI,19,True,3
1152,SE,13,False,2
1153,OS,19,False,6
1153,DBMS,21,False,10
1153,CN,21,False,4
1153,AI,17,False,6
1153,SE,21,False,7
1154,OS,16,False,10
1154,DBMS,16,True,9
1154,CN,18,True,7
1154,AI,26,True,8
1154,SE,27,True,2
1155,OS,26,False,10
1155,DBMS,13,True,2
1155,CN,18,False,7
1155,AI,28,False,9
1155,SE,10,True,8
1156,OS,18,True,2
1156,DBMS,29,False,1
1156,CN,28,False,4
1156,AI,5,True,4
1156,SE,6,False,10
1157,OS,16,False,9
1157,DBMS,25,True,1
1157,CN,5,True,4
1157,AI,5,False,3
1157,SE,12,False,9
1158,OS,21,True,6
1158,DBMS,19,False,7
1158,CN,29,True,3
1158,AI,27,False,2
1158,SE,20,True,5
1159,OS,27,True,5
1159,DBMS,9,False,8
1159,CN,9,False,10
1159,AI,19,False,2
1159,SE,12,False,4
1160,OS,28,True,2
1160,DBMS,15,True,2
1160,CN,20,False,1
1160,AI,18,True,4
1160,SE,26,True,5
1161,OS,28,True,3
1161,DBMS,20,False,8
1161,CN,19,False,7
1161,AI,16,True,3
1161,SE,13,True,10
1162,OS,19,False,7
1162,DBMS,13,False,7
1162,CN,27,False,4
1162,AI,8,False,9
1162,SE,27,True,6
1163,OS,11,True,9
1163,DBMS,16,True,1
1163,CN,19,False,4
1163,AI,21,False,1
1163,SE,27,True,1
1164,OS,25,False,4
1164,DBMS,17,True,2
1164,CN,22,True,10
1164,AI,19,False,7
1164,SE,28,True,4
1165,OS,13,True,9
1165,DBMS,30,False,6
1165,CN,28,False,10
1165,AI,20,False,2
1165,SE,24,True,3
1166,OS,6,False,7
1166,DBMS,10,False,4
1166,CN,15,True,8
1166,AI,11,True,6
1166,SE,27,True,3
1167,OS,12,False,8
1167,DBMS,13,True,10
1167,CN,13,True,4
1167,AI,23,False,1
1167,SE,16,True,1
1168,OS,10,True,4
1168,DBMS,15,True,9
1168,CN,12,True,6
1168,AI,7,False,4
1168,SE,14,False,5
1169,OS,17,True,4
1169,DBMS,22,True,10
1169,CN,23,False,2
1169,AI,11,True,4
1169,SE,18,False,3
1170,OS,11,True,8
1170,DBMS,27,False,5
1170,CN,10,False,8
1170,AI,28,True,9
1170,SE,10,True,9
1171,OS,13,False,6
1171,DBMS,21,True,3
1171,CN,24,True,6
1171,AI,12,True,6
1171,SE,24,True,4
1172,OS,26,True,8
1172,DBMS,24,True,1
1172,CN,23,True,9
1172,AI,20,True,8
1172,SE,28,False,10
1173,OS,5,False,10
1173,DBMS,8,True,3
1173,CN,23,False,7
1173,AI,24,True,7
1173,SE,9,False,9
1174,OS,19,False,10
1174,DBMS,18,True,1
1174,CN,25,True,1
1174,AI,23,True,10
1174,SE,23,True,3
1175,OS,25,False,10
1175,DBMS,17,False,8
1175,CN,23,True,3
1175,AI,20,True,7
1175,SE,11,False,8
1176,OS,9,False,8
1176,DBMS,13,False,7
1176,CN,24,True,2
1176,AI,5,True,1
1176,SE,18,False,9
1177,OS,19,False,3
1177,DBMS,25,False,3
1177,CN,6,True,7
1177,AI,23,False,4
1177,SE,12,True,2
1178,OS,17,True,3
1178,DBMS,22,False,7
1178,CN,17,True,3
1178,AI,15,True,2
1178,SE,5,False,8
1179,OS,30,True,7
1179,DBMS,21,False,6
1179,CN,29,True,1
1179,AI,14,False,6
1179,SE,9,True,4
1180,OS,26,True,10
1180,DBMS,15,True,4
1180,CN,18,True,9
1180,AI,5,True,4
1180,SE,25,True,6
1181,OS,16,True,10
1181,DBMS,20,True,6
1181,CN,19,False,5
1181,AI,25,True,10
1181,SE,30,True,5
1182,OS,7,True,3
1182,DBMS,6,True,10
1182,CN,14,True,5
1182,AI,7,True,3
1182,SE,19,True,5
1183,OS,12,False,5
1183,DBMS,16,True,6
1183,CN,11,True,1
1183,AI,29,False,4
1183,SE,5,False,4
1184,OS,24,False,4
1184,DBMS,28,True,7
1184,CN,12,False,9
1184,AI,27,True,7
1184,SE,30,True,7
1185,OS,19,True,9
1185,DBMS,12,False,4
1185,CN,25,False,2
1185,AI,7,True,2
1185,SE,25,True,7
1186,OS,22,False,10
1186,DBMS,27,False,5
1186,CN,9,True,8
1186,AI,30,False,6
1186,SE,8,False,2
1187,OS,5,False,2
1187,DBMS,30,False,10
1187,CN,13,False,5
1187,AI,18,False,10
1187,SE,17,False,9
1188,OS,24,True,6
1188,DBMS,8,True,7
1188,CN,28,True,1
1188,AI,10,False,7
1188,SE,17,False,3
1189,OS,10,False,2
1189,DBMS,10,False,4
1189,CN,26,True,4
1189,AI,21,True,8
1189,SE,8,False,3
1190,OS,28,False,10
1190,DBMS,27,False,8
1190,CN,15,False,5
1190,AI,18,False,8
1190,SE,28,False,8
1191,OS,14,True,1
1191,DBMS,26,True,9
1191,CN,10,False,5
1191,AI,27,True,5
1191,SE,25,False,2
1192,OS,28,False,9
1192,DBMS,6,False,7
1192,CN,18,True,8
1192,AI,11,True,4
1192,SE,11,False,8
1193,OS,13,False,2
1193,DBMS,30,False,5
1193,CN,8,False,10
1193,AI,7,True,10
1193,SE,30,False,8
1194,OS,15,False,6
1194,DBMS,12,True,6
1194,CN,15,False,9
1194,AI,5,False,4
1194,SE,5,True,4
1195,OS,10,False,3
1195,DBMS,10,False,2
1195,CN,21,True,6
1195,AI,6,True,5
1195,SE,19,True,1
1196,OS,23,True,9
1196,DBMS,6,False,6
1196,CN,12,False,6
1196,AI,11,False,5
1196,SE,24,False,10
1197,OS,12,True,2
1197,DBMS,18,True,1
1197,CN,22,False,3
1197,AI,6,True,7
1197,SE,6,False,6
1198,OS,22,False,7
1198,DBMS,20,False,5
1198,CN,21,True,7
1198,AI,27,False,9
1198,SE,20,False,5
1199,OS,24,False,6
1199,DBMS,6,False,10
1199,CN,26,True,2
1199,AI,29,True,2
1199,SE,11,False,5
1200,OS,17,False,5
1200,DBMS,30,False,5
1200,CN,28,False,4
1200,AI,5,False,9
1200,SE,7,False,2
1201,OS,21,True,1
1201,DBMS,9,False,5
1201,CN,29,True,3
1201,AI,7,False,7
1201,SE,14,True,7
1202,OS,16,True,7
1202,DBMS,15,False,5
1202,CN,12,True,6
1202,AI,7,True,4
1202,SE,12,False,6
1203,OS,5,False,7
1203,DBMS,13,True,10
1203,CN,13,True,1
1203,AI,8,False,5
1203,SE,25,False,6
1204,OS,9,False,6
1204,DBMS,25,True,5
1204,CN,19,False,9
1204,AI,5,False,7
1204,SE,28,False,1
1205,OS,26,False,4
1205,DBMS,22,False,8
1205,CN,29,False,5
1205,AI,30,True,3
1205,SE,16,True,5
1206,OS,26,True,9
1206,DBMS,18,True,9
1206,CN,21,False,9
1206,AI,11,True,4
1206,SE,30,False,4
1207,OS,13,False,8
1207,DBMS,19,True,2
1207,CN,27,False,9
1207,AI,29,False,10
1207,SE,17,True,10
1208,OS,26,True,5
1208,DBMS,25,True,2
1208,CN,13,True,8
1208,AI,15,True,7
1208,SE,25,True,9
1209,OS,29,False,3
1209,DBMS,7,False,10
1209,CN,15,True,2
1209,AI,24,True,10
1209,SE,23,False,9
1210,OS,14,False,6
1210,DBMS,30,True,3
1210,CN,30,True,9
1210,AI,9,True,9
1210,SE,11,True,10
1211,OS,25,False,7
1211,DBMS,5,True,2
1211,CN,29,False,7
1211,AI,9,False,9
1211,SE,12,False,9
1212,OS,8,True,8
1212,DBMS,7,True,8
1212,CN,19,True,3
1212,AI,12,False,3
1212,SE,14,True,5
1213,OS,7,False,1
1213,DBMS,5,True,7
1213,CN,15,False,5
1213,AI,21,False,8
1213,SE,12,True,4
1214,OS,22,False,1
1214,DBMS,12,False,1
1214,CN,29,False,1
1214,AI,10,False,6
1214,SE,7,True,2
1215,OS,25,False,5
1215,DBMS,6,False,6
1215,CN,24,True,9
1215,AI,15,False,7
1215,SE,27,True,2
1216,OS,29,False,4
1216,DBMS,15,False,2
1216,CN,6,True,2
1216,AI,20,True,3
1216,SE,26,True,10
1217,OS,9,False,9
1217,DBMS,27,False,8
1217,CN,24,False,8
1217,AI,12,True,8
1217,SE,17,False,4
1218,OS,20,False,9
1218,DBMS,20,False,9
1218,CN,13,False,7
1218,AI,8,True,5
1218,SE,8,True,4
1219,OS,9,True,8
1219,DBMS,6,True,7
1219,CN,8,False,1
1219,AI,12,False,1
1219,SE,7,True,7
1220,OS,13,True,3
1220,DBMS,25,False,8
1220,CN,14,True,1
1220,AI,27,True,5
1220,SE,15,True,6
1221,OS,18,False,8
1221,DBMS,28,False,8
1221,CN,8,False,7
1221,AI,20,True,9
1221,SE,15,False,3
1222,OS,16,True,3
1222,DBMS,21,False,7
1222,CN,20,True,10
1222,AI,21,False,10
1222,SE,30,False,6
1223,OS,29,False,9
1223,DBMS,21,True,7
1223,CN,11,True,3
1223,AI,30,True,5
1223,SE,6,False,5
1224,OS,27,False,5
1224,DBMS,8,False,8
1224,CN,23,False,9
1224,AI,9,False,5
1224,SE,24,True,10
1225,OS,21,True,1
1225,DBMS,18,False,9
1225,CN,15,False,7
1225,AI,16,True,10
1225,SE,30,False,5
1226,OS,23,True,7
1226,DBMS,5,True,3
1226,CN,13,True,6
1226,AI,14,True,8
1226,SE,13,False,7
1227,OS,23,True,9
1227,DBMS,29,True,6
1227,CN,28,True,10
1227,AI,19,True,1
1227,SE,28,True,1
1228,OS,22,False,10
1228,DBMS,14,True,8
1228,CN,24,False,8
1228,AI,25,False,2
1228,SE,6,False,8
1229,OS,15,False,3
1229,DBMS,27,False,8
1229,CN,20,False,3
1229,AI,16,True,4
1229,SE,13,False,9
1230,OS,10,True,7
1230,DBMS,12,False,1
1230,CN,7,False,9
1230,AI,29,False,4
1230,SE,6,False,8
1231,OS,25,False,4
1231,DBMS,26,False,3
1231,CN,11,False,8
1231,AI,26,False,4
1231,SE,15,False,4
1232,OS,19,False,1
1232,DBMS,20,True,3
1232,CN,21,True,2
1232,AI,8,False,3
1232,SE,28,False,5
1233,OS,17,True,10
1233,DBMS,13,True,10
1233,CN,6,False,8
1233,AI,12,True,9
1233,SE,6,True,6
1234,OS,25,True,7
1234,DBMS,16,True,8
1234,CN,18,True,6
1234,AI,12,False,5
1234,SE,8,True,3
1235,OS,6,True,2
1235,DBMS,29,True,3
1235,CN,29,True,5
1235,AI,19,True,3
1235,SE,16,True,8
1236,OS,20,False,3
1236,DBMS,14,True,1
1236,CN,21,True,2
1236,AI,26,False,4
1236,SE,14,False,6
1237,OS,9,False,5
1237,DBMS,13,True,6
1237,CN,18,True,1
1237,AI,26,True,7
1237,SE,23,False,9
1238,OS,10,True,3
1238,DBMS,28,True,1
1238,CN,5,True,6
1238,AI,7,True,7
1238,SE,11,False,9
1239,OS,12,True,5
1239,DBMS,18,True,6
1239,CN,23,True,6
1239,AI,26,True,2
1239,SE,16,True,10
1240,OS,11,False,9
1240,DBMS,16,True,6
1240,CN,29,True,2
1240,AI,29,True,6
1240,SE,10,True,4
1241,OS,17,False,7
1241,DBMS,22,False,5
1241,CN,19,True,9
1241,AI,6,True,9
1241,SE,7,False,4
1242,OS,19,False,8
1242,DBMS,9,True,8
1242,CN,23,False,7
1242,AI,22,False,10
1242,SE,29,False,3
1243,OS,13,True,2
1243,DBMS,7,True,5
1243,CN,6,True,2
1243,AI,18,True,9
1243,SE,23,False,9
1244,OS,21,False,1
1244,DBMS,21,True,3
1244,CN,18,False,8
1244,AI,24,True,5
1244,SE,7,False,1
1245,OS,16,False,7
1245,DBMS,25,False,2
1245,CN,28,True,1
1245,AI,27,False,1
1245,SE,15,False,2
1246,OS,5,False,3
1246,DBMS,24,True,9
1246,CN,6,True,4
1246,AI,14,False,9
1246,SE,11,False,5
1247,OS,30,True,9
1247,DBMS,16,True,8
1247,CN,26,True,8
1247,AI,6,False,2
1247,SE,22,True,5
1248,OS,8,False,5
1248,DBMS,27,True,3
1248,CN,25,False,2
1248,AI,26,False,4
1248,SE,14,True,4
1249,OS,24,True,7
1249,DBMS,17,False,10
1249,CN,9,True,2
1249,AI,27,False,3
1249,SE,6,True,4
1250,OS,24,True,2
1250,DBMS,15,False,1
1250,CN,13,False,1
1250,AI,28,True,6
1250,SE,15,True,5
1251,OS,29,True,9
1251,DBMS,7,False,6
1251,CN,27,False,7
1251,AI,13,False,5
1251,SE,19,True,6
1252,OS,16,False,3
1252,DBMS,28,False,2
1252,CN,22,False,1
1252,AI,5,True,6
1252,SE,15,True,1
1253,OS,27,False,1
1253,DBMS,15,True,7
1253,CN,18,True,9
1253,AI,22,False,9
1253,SE,23,False,10
1254,OS,14,True,7
1254,DBMS,16,True,4
1254,CN,21,False,7
1254,AI,8,True,5
1254,SE,29,False,8
1255,OS,13,True,4
1255,DBMS,5,True,7
1255,CN,13,True,9
1255,AI,13,False,8
1255,SE,15,True,3
1256,OS,24,False,9
1256,DBMS,28,False,3
1256,CN,27,False,4
1256,AI,30,True,2
1256,SE,23,True,7
1257,OS,10,True,8
1257,DBMS,15,False,9
1257,CN,6,True,10
1257,AI,14,False,1
1257,SE,24,False,8
1258,OS,17,True,8
1258,DBMS,28,True,2
1258,CN,30,True,1
1258,AI,10,False,4
1258,SE,11,False,2
1259,OS,5,False,10
1259,DBMS,10,False,1
1259,CN,13,True,7
1259,AI,24,True,10
1259,SE,26,True,2
1260,OS,15,False,5
1260,DBMS,19,False,4
1260,CN,8,True,5
1260,AI,20,True,6
1260,SE,23,False,4
1261,OS,13,False,4
1261,DBMS,12,False,2
1261,CN,28,False,7
1261,AI,28,True,7
1261,SE,13,False,7
1262,OS,5,True,9
1262,DBMS,12,False,4
1262,CN,15,False,3
1262,AI,29,False,1
1262,SE,20,True,2
1263,OS,11,False,2
1263,DBMS,15,False,4
1263,CN,30,True,7
1263,AI,23,False,1
1263,SE,23,False,3
1264,OS,7,True,6
1264,DBMS,23,True,3
1264,CN,6,True,5
1264,AI,7,True,6
1264,SE,20,True,7
1265,OS,20,False,7
1265,DBMS,28,True,6
1265,CN,21,False,4
1265,AI,16,False,1
1265,SE,17,True,8
1266,OS,25,True,4
1266,DBMS,12,True,1
1266,CN,16,True,3
1266,AI,23,True,3
1266,SE,9,False,1
1267,OS,10,True,5
1267,DBMS,7,True,7
1267,CN,18,False,2
1267,AI,26,True,7
1267,SE,20,False,4
1268,OS,9,False,8
1268,DBMS,18,True,4
1268,CN,18,False,2
1268,AI,28,False,4
1268,SE,18,False,6
1269,OS,24,False,9
1269,DBMS,21,False,9
1269,CN,30,False,2
1269,AI,17,False,8
1269,SE,27,True,9
1270,OS,21,False,4
1270,DBMS,16,False,9
1270,CN,25,False,6
1270,AI,18,True,4
1270,SE,16,True,5
1271,OS,13,False,9
1271,DBMS,18,False,6
1271,CN,7,True,2
1271,AI,13,True,9
1271,SE,6,False,8
1272,OS,8,False,2
1272,DBMS,23,True,8
1272,CN,16,False,10
1272,AI,7,False,1
1272,SE,15,False,6
1273,OS,21,True,3
1273,DBMS,9,True,10
1273,CN,19,False,7
1273,AI,7,True,8
1273,SE,28,True,3
1274,OS,29,False,7
1274,DBMS,24,False,2
1274,CN,14,False,5
1274,AI,22,True,10
1274,SE,24,False,7
1275,OS,17,False,2
1275,DBMS,9,False,9
1275,CN,14,True,6
1275,AI,22,True,7
1275,SE,22,True,2
1276,OS,15,False,3
1276,DBMS,17,False,9
1276,CN,15,True,1
1276,AI,9,True,10
1276,SE,9,True,10
1277,OS,12,True,2
1277,DBMS,26,True,10
1277,CN,21,True,5
1277,AI,20,False,8
1277,SE,6,False,1
1278,OS,19,True,2
1278,DBMS,17,False,3
1278,CN,27,True,3
1278,AI,24,True,8
1278,SE,15,False,7
1279,OS,5,True,10
1279,DBMS,21,True,1
1279,CN,22,True,7
1279,AI,22,True,7
1279,SE,20,True,6
1280,OS,29,False,7
1280,DBMS,11,True,10
1280,CN,6,True,9
1280,AI,5,True,1
1280,SE,25,False,8
1281,OS,19,True,9
1281,DBMS,14,False,7
1281,CN,18,False,5
1281,AI,22,True,3
1281,SE,24,False,8
1282,OS,6,False,4
1282,DBMS,19,False,5
1282,CN,30,True,4
1282,AI,29,False,3
1282,SE,6,False,9
1283,OS,18,True,2
1283,DBMS,22,True,8
1283,CN,5,True,5
1283,AI,14,True,4
1283,SE,12,False,3
1284,OS,19,True,1
1284,DBMS,6,True,9
1284,CN,20,True,5
1284,AI,25,False,5
1284,SE,13,True,5
1285,OS,20,False,4
1285,DBMS,11,False,7
1285,CN,18,False,10
1285,AI,26,False,6
1285,SE,18,True,3
1286,OS,22,True,6
1286,DBMS,27,True,8
1286,CN,20,True,10
1286,AI,17,True,10
1286,SE,9,False,5
1287,OS,16,True,10
1287,DBMS,29,False,2
1287,CN,20,False,1
1287,AI,26,True,8
1287,SE,11,True,5
1288,OS,27,True,3
1288,DBMS,30,True,9
1288,CN,19,True,10
1288,AI,22,False,1
1288,SE,30,True,3
1289,OS,27,True,2
1289,DBMS,29,False,3
1289,CN,27,False,7
1289,AI,7,True,6
1289,SE,9,True,1
1290,OS,7,True,3
1290,DBMS,5,False,6
1290,CN,30,True,4
1290,AI,21,False,9
1290,SE,7,False,9
1291,OS,22,True,7
1291,DBMS,29,False,6
1291,CN,29,True,6
1291,AI,24,False,1
1291,SE,15,True,8
1292,OS,21,True,5
1292,DBMS,17,False,9
1292,CN,19,False,1
1292,AI,23,True,6
1292,SE,16,False,10
1293,OS,18,True,6
1293,DBMS,5,True,5
1293,CN,25,True,9
1293,AI,15,False,6
1293,SE,7,True,1
1294,OS,30,False,8
1294,DBMS,22,True,6
1294,CN,26,True,4
1294,AI,16,False,6
1294,SE,18,True,3
1295,OS,28,False,6
1295,DBMS,21,False,3
1295,CN,6,False,10
1295,AI,6,False,5
1295,SE,30,False,9
1296,OS,22,True,1
1296,DBMS,12,False,7
1296,CN,9,False,10
1296,AI,25,False,2
1296,SE,9,True,3
1297,OS,19,False,7
1297,DBMS,23,False,4
1297,CN,30,True,9
1297,AI,10,True,9
1297,SE,18,True,2
1298,OS,14,True,6
1298,DBMS,19,False,7
1298,CN,5,True,6
1298,AI,16,True,5
1298,SE,5,False,6
1299,OS,28,False,6
1299,DBMS,19,True,10
1299,CN,26,False,9
1299,AI,20,False,5
1299,SE,25,False,1
1300,OS,27,False,8
1300,DBMS,26,False,10
1300,CN,26,False,3
1300,AI,9,False,10
1300,SE,8,True,8
1301,OS,6,False,4
1301,DBMS,9,True,2
1301,CN,24,False,5
1301,AI,8,False,8
1301,SE,30,True,9
1302,OS,21,True,4
1302,DBMS,5,True,8
1302,CN,18,True,2
1302,AI,9,True,2
1302,SE,11,False,8
1303,OS,13,True,6
1303,DBMS,8,True,9
1303,CN,11,False,10
1303,AI,25,False,10
1303,SE,23,True,6
1304,OS,22,True,5
1304,DBMS,5,False,6
1304,CN,7,False,7
1304,AI,6,False,10
1304,SE,11,False,5
1305,OS,23,False,4
1305,DBMS,28,True,1
1305,CN,9,False,10
1305,AI,7,True,8
1305,SE,28,True,8
1306,OS,6,True,6
1306,DBMS,19,True,1
1306,CN,19,True,4
1306,AI,10,False,9
1306,SE,28,True,7
1307,OS,21,True,10
1307,DBMS,16,True,9
1307,CN,12,False,2
1307,AI,11,True,1
1307,SE,24,False,1
1308,OS,30,True,7
1308,DBMS,11,False,8
1308,CN,17,True,3
1308,AI,29,True,7
1308,SE,18,False,5
1309,OS,9,False,9
1309,DBMS,15,False,8
1309,CN,9,True,4
1309,AI,28,True,2
1309,SE,27,False,8
1310,OS,7,False,7
1310,DBMS,20,False,4
1310,CN,30,False,6
1310,AI,13,True,1
1310,SE,25,True,3
1311,OS,10,True,6
1311,DBMS,24,True,8
1311,CN,13,True,4
1311,AI,23,False,5
1311,SE,9,False,7
1312,OS,21,True,5
1312,DBMS,18,False,7
1312,CN,22,True,3
1312,AI,21,True,8
1312,SE,10,True,7
1313,OS,13,True,9
1313,DBMS,27,True,4
1313,CN,29,True,2
1313,AI,8,True,1
1313,SE,19,False,10
1314,OS,22,True,2
1314,DBMS,16,True,8
1314,CN,14,False,3
1314,AI,12,False,8
1314,SE,7,True,7
1315,OS,29,True,6
1315,DBMS,26,False,7
1315,CN,30,True,7
1315,AI,9,False,2
1315,SE,10,False,8
1316,OS,7,True,4
1316,DBMS,13,False,3
1316,CN,7,False,10
1316,AI,9,False,4
1316,SE,10,True,4
1317,OS,20,False,8
1317,DBMS,19,False,4
1317,CN,19,True,9
1317,AI,13,True,9
1317,SE,6,False,6
1318,OS,15,False,5
1318,DBMS,11,False,6
1318,CN,16,False,8
1318,AI,9,False,4
1318,SE,6,False,7
1319,OS,21,False,5
1319,DBMS,18,True,10
1319,CN,14,True,2
1319,AI,22,True,2
1319,SE,28,True,10
1320,OS,23,False,1
1320,DBMS,29,False,1
1320,CN,20,False,8
1320,AI,28,True,6
1320,SE,14,False,8
1321,OS,12,True,7
1321,DBMS,5,False,1
1321,CN,29,True,1
1321,AI,28,False,1
1321,SE,30,False,5
1322,OS,20,True,2
1322,DBMS,8,True,9
1322,CN,16,False,9
1322,AI,27,True,3
1322,SE,23,False,6
1323,OS,21,False,7
1323,DBMS,10,True,10
1323,CN,23,True,10
1323,AI,21,True,1
1323,SE,11,False,7
1324,OS,15,False,7
1324,DBMS,10,False,9
1324,CN,14,False,8
1324,AI,23,False,4
1324,SE,18,False,5
1325,OS,30,True,2
1325,DBMS,27,False,9
1325,CN,13,True,8
1325,AI,14,True,4
1325,SE,18,False,4
1326,OS,5,True,9
1326,DBMS,27,False,4
1326,CN,11,False,6
1326,AI,25,True,6
1326,SE,15,True,6
1327,OS,29,False,9
1327,DBMS,12,False,9
1327,CN,21,False,1
1327,AI,14,False,4
1327,SE,26,False,10
1328,OS,7,False,3
1328,DBMS,28,True,2
1328,CN,29,False,1
1328,AI,14,False,10
1328,SE,25,False,2
1329,OS,26,False,4
1329,DBMS,28,True,7
1329,CN,15,True,9
1329,AI,9,True,4
1329,SE,6,True,8
1330,OS,21,True,8
1330,DBMS,7,True,10
1330,CN,29,False,5
1330,AI,11,True,6
1330,SE,26,True,5
1331,OS,10,False,10
1331,DBMS,9,False,4
1331,CN,14,True,3
1331,AI,24,False,1
1331,SE,19,True,1
1332,OS,25,True,1
1332,DBMS,27,False,3
1332,CN,25,True,1
1332,AI,13,False,2
1332,SE,26,False,10
1333,OS,27,False,8
1333,DBMS,23,True,3
1333,CN,13,True,7
1333,AI,24,False,6
1333,SE,5,True,4
1334,OS,7,True,4
1334,DBMS,22,False,7
1334,CN,24,False,5
1334,AI,24,True,4
1334,SE,8,True,3
1335,OS,20,False,10
1335,DBMS,28,True,3
1335,CN,9,True,8
1335,AI,15,True,4
1335,SE,14,True,1
1336,OS,6,False,10
1336,DBMS,20,True,2
1336,CN,21,True,4
1336,AI,10,False,8
1336,SE,22,False,8
1337,OS,16,True,5
1337,DBMS,21,True,7
1337,CN,10,True,1
1337,AI,30,True,10
1337,SE,14,True,3
1338,OS,29,False,6
1338,DBMS,8,False,9
1338,CN,28,True,6
1338,AI,23,False,6
1338,SE,7,False,9
1339,OS,20,False,10
1339,DBMS,23,True,6
1339,CN,26,True,3
1339,AI,9,False,7
1339,SE,13,False,4
1340,OS,27,True,7
1340,DBMS,8,True,1
1340,CN,11,False,8
1340,AI,10,True,10
1340,SE,22,True,10
1341,OS,19,True,6
1341,DBMS,14,False,4
1341,CN,6,True,1
1341,AI,29,False,3
1341,SE,27,False,9
1342,OS,12,True,2
1342,DBMS,18,False,7
1342,CN,5,True,7
1342,AI,17,True,2
1342,SE,10,False,8
1343,OS,22,True,7
1343,DBMS,28,False,6
1343,CN,5,False,8
1343,AI,15,False,7
1343,SE,7,True,4
1344,OS,17,True,8
1344,DBMS,8,True,5
1344,CN,9,False,9
1344,AI,5,False,10
1344,SE,5,False,3
1345,OS,16,True,7
1345,DBMS,9,True,3
1345,CN,12,False,10
1345,AI,15,True,9
1345,SE,13,False,1
1346,OS,24,False,1
1346,DBMS,28,False,2
1346,CN,12,False,1
1346,AI,16,True,8
1346,SE,27,True,5
1347,OS,6,False,8
1347,DBMS,21,True,7
1347,CN,26,True,7
1347,AI,30,True,3
1347,SE,25,False,3
1348,OS,12,True,6
1348,DBMS,8,True,4
1348,CN,5,True,2
1348,AI,5,False,6
1348,SE,19,False,7
1349,OS,29,True,4
1349,DBMS,8,True,9
1349,CN,9,True,1
1349,AI,16,True,8
1349,SE,16,True,2
1350,OS,14,False,7
1350,DBMS,13,True,8
1350,CN,8,False,1
1350,AI,17,False,6
1350,SE,11,True,2
1351,OS,16,True,4
1351,DBMS,22,False,8
1351,CN,16,True,4
1351,AI,27,False,6
1351,SE,27,True,5
1352,OS,25,False,1
1352,DBMS,26,False,3
1352,CN,15,True,8
1352,AI,29,False,4
1352,SE,6,True,2
1353,OS,22,False,9
1353,DBMS,17,False,7
1353,CN,24,True,9
1353,AI,7,True,1
1353,SE,20,True,2
1354,OS,30,False,1
1354,DBMS,29,True,4
1354,CN,16,False,7
1354,AI,26,True,5
1354,SE,23,False,3
1355,OS,6,False,10
1355,DBMS,6,True,6
1355,CN,14,False,4
1355,AI,6,True,10
1355,SE,11,True,6
1356,OS,19,False,6
1356,DBMS,18,False,3
1356,CN,15,False,1
1356,AI,23,True,8
1356,SE,14,False,6
1357,OS,10,True,7
1357,DBMS,8,False,7
1357,CN,14,False,4
1357,AI,26,False,7
1357,SE,10,False,1
1358,OS,21,True,6
1358,DBMS,26,False,5
1358,CN,6,True,4
1358,AI,17,True,6
1358,SE,12,True,10
1359,OS,11,True,3
1359,DBMS,9,False,8
1359,CN,29,True,2
1359,AI,17,True,3
1359,SE,14,True,3
1360,OS,19,False,1
1360,DBMS,19,False,2
1360,CN,26,False,4
1360,AI,25,False,10
1360,SE,10,True,10
1361,OS,13,False,9
1361,DBMS,22,False,10
1361,CN,10,False,7
1361,AI,6,False,2
1361,SE,10,False,3
1362,OS,24,False,1
1362,DBMS,23,False,6
1362,CN,20,False,1
1362,AI,24,False,1
1362,SE,22,True,10
1363,OS,25,False,6
1363,DBMS,6,True,5
1363,CN,29,False,4
1363,AI,19,True,2
1363,SE,24,True,2
1364,OS,6,True,8
1364,DBMS,24,False,5
1364,CN,23,False,7
1364,AI,23,False,6
1364,SE,13,True,8
1365,OS,27,False,7
1365,DBMS,29,True,3
1365,CN,7,True,5
1365,AI,18,True,4
1365,SE,24,True,10
1366,OS,18,True,5
1366,DBMS,25,True,9
1366,CN,15,True,2
1366,AI,13,False,1
1366,SE,17,False,6
1367,OS,26,False,3
1367,DBMS,30,True,9
1367,CN,6,True,1
1367,AI,13,False,1
1367,SE,24,False,7
1368,OS,25,True,6
1368,DBMS,6,False,8
1368,CN,5,True,7
1368,AI,30,False,3
1368,SE,9,True,1
1369,OS,21,True,2
1369,DBMS,21,True,4
1369,CN,27,True,6
1369,AI,5,True,5
1369,SE,7,False,7
1370,OS,25,True,7
1370,DBMS,22,True,9
1370,CN,15,True,6
1370,AI,21,True,2
1370,SE,19,True,4
1371,OS,13,True,7
1371,DBMS,9,True,5
1371,CN,10,True,8
1371,AI,20,True,10
1371,SE,7,True,2
1372,OS,30,False,10
1372,DBMS,7,True,5
1372,CN,28,True,9
1372,AI,8,False,9
1372,SE,27,True,10
1373,OS,6,True,7
1373,DBMS,25,False,1
1373,CN,27,False,7
1373,AI,17,True,5
1373,SE,21,False,2
1374,OS,23,True,5
1374,DBMS,21,True,7
1374,CN,15,False,6
1374,AI,10,True,8
1374,SE,5,True,7
1375,OS,23,False,6
1375,DBMS,22,True,4
1375,CN,17,False,6
1375,AI,20,True,3
1375,SE,11,False,7
1376,OS,27,True,3
1376,DBMS,17,True,4
1376,CN,19,True,6
1376,AI,17,False,5
1376,SE,10,False,9
1377,OS,10,True,6
1377,DBMS,28,True,2
1377,CN,8,True,5
1377,AI,14,True,3
1377,SE,5,False,10
1378,OS,28,False,7
1378,DBMS,8,False,7
1378,CN,18,False,9
1378,AI,25,False,1
1378,SE,11,True,8
1379,OS,16,True,7
1379,DBMS,6,True,9
1379,CN,5,True,4
1379,AI,16,False,9
1379,SE,24,False,5
1380,OS,23,False,8
1380,DBMS,24,True,2
1380,CN,11,False,1
1380,AI,27,True,6
1380,SE,17,True,9
1381,OS,29,True,6
1381,DBMS,15,False,6
1381,CN,22,False,5
1381,AI,11,False,9
1381,SE,15,False,8
1382,OS,5,False,7
1382,DBMS,12,True,3
1382,CN,12,False,9
1382,AI,23,True,9
1382,SE,20,False,1
1383,OS,30,False,5
1383,DBMS,23,False,7
1383,CN,19,False,9
1383,AI,20,False,4
1383,SE,22,False,4
1384,OS,19,True,8
1384,DBMS,19,False,10
1384,CN,28,False,4
1384,AI,25,True,7
1384,SE,30,True,3
1385,OS,26,True,3
1385,DBMS,6,True,7
1385,CN,22,False,6
1385,AI,10,True,10
1385,SE,17,False,6
1386,OS,27,True,10
1386,DBMS,24,True,7
1386,CN,20,False,9
1386,AI,5,False,3
1386,SE,28,False,6
1387,OS,28,True,5
1387,DBMS,6,True,8
1387,CN,9,True,6
1387,AI,24,False,4
1387,SE,16,False,10
1388,OS,16,False,8
1388,DBMS,30,False,9
1388,CN,5,True,2
1388,AI,8,False,9
1388,SE,25,False,8
1389,OS,20,False,3
1389,DBMS,13,True,9
1389,CN,16,False,5
1389,AI,17,True,2
1389,SE,10,True,2
1390,OS,20,False,9
1390,DBMS,25,True,1
1390,CN,15,False,10
1390,AI,6,False,3
1390,SE,20,True,3
1391,OS,21,False,5
1391,DBMS,23,False,3
1391,CN,29,False,7
1391,AI,7,False,10
1391,SE,30,True,3
1392,OS,6,False,1
1392,DBMS,8,True,5
1392,CN,11,True,1
1392,AI,28,True,7
1392,SE,16,False,9
1393,OS,26,False,1
1393,DBMS,18,False,3
1393,CN,18,True,9
1393,AI,24,False,3
1393,SE,19,False,8
1394,OS,19,True,7
1394,DBMS,12,False,5
1394,CN,11,False,8
1394,AI,8,True,9
1394,SE,22,False,7
1395,OS,21,False,3
1395,DBMS,30,True,3
1395,CN,30,True,8
1395,AI,27,False,9
1395,SE,12,False,4
1396,OS,13,True,9
1396,DBMS,25,True,7
1396,CN,20,True,8
1396,AI,6,True,3
1396,SE,22,True,5
1397,OS,11,True,3
1397,DBMS,8,True,4
1397,CN,24,False,5
1397,AI,22,True,7
1397,SE,8,False,6
1398,OS,13,False,10
1398,DBMS,20,True,1
1398,CN,24,False,2
1398,AI,13,True,4
1398,SE,6,False,1
1399,OS,6,True,6
1399,DBMS,24,False,4
1399,CN,29,True,6
1399,AI,18,True,3
1399,SE,11,True,7
1400,OS,10,True,2
1400,DBMS,12,True,4
1400,CN,20,True,8
1400,AI,17,True,8
1400,SE,26,False,3
1401,OS,26,False,9
1401,DBMS,16,False,10
1401,CN,13,False,7
1401,AI,12,True,3
1401,SE,15,True,5
1402,OS,28,False,3
1402,DBMS,11,True,5
1402,CN,24,False,1
1402,AI,5,True,4
1402,SE,16,False,4
1403,OS,6,True,8
1403,DBMS,8,True,4
1403,CN,11,True,7
1403,AI,19,True,7
1403,SE,13,True,4
1404,OS,28,True,3
1404,DBMS,27,True,1
1404,CN,11,False,2
1404,AI,15,True,7
1404,SE,10,False,2
1405,OS,18,True,2
1405,DBMS,10,False,3
1405,CN,25,True,1
1405,AI,19,True,4
1405,SE,16,False,9
1406,OS,11,True,7
1406,DBMS,24,True,6
1406,CN,9,True,7
1406,AI,14,True,4
1406,SE,17,True,1
1407,OS,28,True,8
1407,DBMS,18,True,3
1407,CN,24,True,10
1407,AI,7,False,6
1407,SE,28,True,8
1408,OS,21,False,2
1408,DBMS,6,False,1
1408,CN,24,True,3
1408,AI,26,True,2
1408,SE,19,False,1
1409,OS,13,False,1
1409,DBMS,23,True,6
1409,CN,24,False,2
1409,AI,15,True,2
1409,SE,22,False,8
1410,OS,10,True,7
1410,DBMS,22,False,2
1410,CN,24,True,9
1410,AI,28,False,9
1410,SE,5,False,10
1411,OS,25,True,1
1411,DBMS,8,True,5
1411,CN,23,False,8
1411,AI,24,True,1
1411,SE,17,False,9
1412,OS,22,True,10
1412,DBMS,7,False,7
1412,CN,28,True,9
1412,AI,11,True,3
1412,SE,24,True,6
1413,OS,11,False,8
1413,DBMS,24,True,5
1413,CN,30,True,3
1413,AI,12,True,7
1413,SE,8,False,9
1414,OS,18,True,10
1414,DBMS,15,True,5
1414,CN,17,False,7
1414,AI,27,False,6
1414,SE,9,True,7
1415,OS,25,True,7
1415,DBMS,15,True,10
1415,CN,25,False,10
1415,AI,10,True,5
1415,SE,20,True,3
1416,OS,10,True,5
1416,DBMS,23,True,8
1416,CN,13,False,8
1416,AI,24,True,7
1416,SE,20,False,6
1417,OS,21,True,2
1417,DBMS,14,False,4
1417,CN,8,False,3
1417,AI,25,False,1
1417,SE,17,False,6
1418,OS,23,False,10
1418,DBMS,19,False,8
1418,CN,23,False,7
1418,AI,13,False,8
1418,SE,9,False,5
1419,OS,18,False,1
1419,DBMS,28,False,8
1419,CN,7,False,1
1419,AI,29,False,2
1419,SE,26,False,4
1420,OS,11,False,6
1420,DBMS,9,False,6
1420,CN,20,False,5
1420,AI,28,True,7
1420,SE,19,True,10
1421,OS,23,True,6
1421,DBMS,7,True,4
1421,CN,16,True,7
1421,AI,5,True,3
1421,SE,28,False,3
1422,OS,17,False,6
1422,DBMS,24,True,9
1422,CN,14,True,4
1422,AI,9,False,4
1422,SE,26,False,5
1423,OS,20,False,3
1423,DBMS,5,True,1
1423,CN,12,False,1
1423,AI,16,True,1
1423,SE,12,False,2
1424,OS,8,True,2
1424,DBMS,22,True,1
1424,CN,19,True,3
1424,AI,23,False,6
1424,SE,17,True,8
1425,OS,22,True,3
1425,DBMS,6,False,6
1425,CN,27,True,2
1425,AI,19,True,4
1425,SE,13,False,5
1426,OS,12,True,3
1426,DBMS,20,False,2
1426,CN,8,True,9
1426,AI,8,False,5
1426,SE,26,True,10
1427,OS,16,False,9
1427,DBMS,6,False,3
1427,CN,13,True,8
1427,AI,14,True,2
1427,SE,5,False,6
1428,OS,16,False,5
1428,DBMS,8,True,1
1428,CN,23,False,4
1428,AI,25,True,7
1428,SE,13,False,3
1429,OS,25,True,7
1429,DBMS,6,True,7
1429,CN,17,True,1
1429,AI,14,True,2
1429,SE,6,True,8
1430,OS,5,True,1
1430,DBMS,24,True,6
1430,CN,24,True,10
1430,AI,26,False,10
1430,SE,15,True,10
1431,OS,12,False,9
1431,DBMS,26,True,5
1431,CN,12,False,5
1431,AI,29,True,2
1431,SE,29,False,6
1432,OS,10,True,1
1432,DBMS,26,True,9
1432,CN,19,False,4
1432,AI,17,False,9
1432,SE,27,False,8
1433,OS,17,True,5
1433,DBMS,25,True,2
1433,CN,18,True,8
1433,AI,9,True,10
1433,SE,6,True,3
1434,OS,26,True,5
1434,DBMS,13,False,10
1434,CN,26,False,1
1434,AI,8,False,7
1434,SE,11,False,9
1435,OS,14,False,4
1435,DBMS,21,False,8
1435,CN,5,True,8
1435,AI,25,True,6
1435,SE,6,False,4
1436,OS,15,False,4
1436,DBMS,24,True,2
1436,CN,13,True,9
1436,AI,9,False,8
1436,SE,20,False,2
1437,OS,16,False,6
1437,DBMS,28,False,7
1437,CN,5,False,5
1437,AI,16,True,5
1437,SE,12,True,1
1438,OS,11,True,10
1438,DBMS,12,False,6
1438,CN,28,False,9
1438,AI,25,False,9
1438,SE,27,False,4
1439,OS,7,True,6
1439,DBMS,20,True,6
1439,CN,16,True,7
1439,AI,28,True,2
1439,SE,26,True,8
1440,OS,23,True,4
1440,DBMS,6,True,2
1440,CN,29,True,2
1440,AI,29,False,9
1440,SE,17,True,10
1441,OS,11,False,1
1441,DBMS,21,False,7
1441,CN,20,False,5
1441,AI,28,False,8
1441,SE,7,True,2
1442,OS,11,True,8
1442,DBMS,23,True,4
1442,CN,28,True,2
1442,AI,15,False,10
1442,SE,28,True,9
1443,OS,22,True,8
1443,DBMS,10,False,3
1443,CN,17,True,6
1443,AI,23,False,3
1443,SE,15,True,2
1444,OS,14,True,6
1444,DBMS,26,False,6
1444,CN,10,False,5
1444,AI,30,False,9
1444,SE,21,True,2
1445,OS,13,True,10
1445,DBMS,30,False,9
1445,CN,21,False,7
1445,AI,9,False,3
1445,SE,10,False,1
1446,OS,11,False,4
1446,DBMS,22,True,7
1446,CN,18,False,4
1446,AI,23,True,3
1446,SE,29,True,2
1447,OS,29,False,9
1447,DBMS,23,False,3
1447,CN,29,True,4
1447,AI,16,False,1
1447,SE,11,True,2
1448,OS,13,True,6
1448,DBMS,28,True,5
1448,CN,15,True,3
1448,AI,11,True,2
1448,SE,28,True,4
1449,OS,12,False,9
1449,DBMS,21,True,1
1449,CN,13,True,1
1449,AI,17,False,8
1449,SE,10,False,8
1450,OS,22,True,5
1450,DBMS,26,True,4
1450,CN,25,True,10
1450,AI,29,True,7
1450,SE,24,True,9
1451,OS,21,True,4
1451,DBMS,19,False,5
1451,CN,12,False,8
1451,AI,29,False,3
1451,SE,27,True,7
1452,OS,26,True,10
1452,DBMS,6,True,8
1452,CN,30,False,2
1452,AI,15,False,8
1452,SE,26,True,10
1453,OS,11,True,3
1453,DBMS,8,False,3
1453,CN,18,False,7
1453,AI,14,False,9
1453,SE,28,True,3
1454,OS,20,False,9
1454,DBMS,16,True,9
1454,CN,30,True,2
1454,AI,17,True,3
1454,SE,16,False,2
1455,OS,25,True,5
1455,DBMS,5,False,5
1455,CN,8,False,5
1455,AI,8,True,3
1455,SE,11,True,10
1456,OS,14,False,3
1456,DBMS,9,False,3
1456,CN,28,False,5
1456,AI,25,True,7
1456,SE,18,False,6
1457,OS,15,False,6
1457,DBMS,18,True,4
1457,CN,26,False,1
1457,AI,26,True,2
1457,SE,28,True,5
1458,OS,12,True,4
1458,DBMS,19,True,8
1458,CN,6,False,2
1458,AI,8,False,9
1458,SE,8,False,10
1459,OS,16,True,10
1459,DBMS,19,False,10
1459,CN,13,False,8
1459,AI,12,False,10
1459,SE,27,False,1
1460,OS,29,True,1
1460,DBMS,20,True,5
1460,CN,18,True,10
1460,AI,27,True,6
1460,SE,8,True,5
1461,OS,10,True,3
1461,DBMS,10,False,9
1461,CN,10,False,8
1461,AI,22,False,3
1461,SE,21,False,3
1462,OS,6,True,9
1462,DBMS,21,False,5
1462,CN,16,False,10
1462,AI,25,True,9
1462,SE,13,True,4
1463,OS,17,True,5
1463,DBMS,23,True,7
1463,CN,14,True,6
1463,AI,16,False,1
1463,SE,30,False,4
1464,OS,18,True,3
1464,DBMS,21,False,1
1464,CN,18,False,5
1464,AI,22,False,1
1464,SE,10,False,2
1465,OS,11,False,5
1465,DBMS,17,False,4
1465,CN,30,True,4
1465,AI,10,False,5
1465,SE,25,False,10
1466,OS,5,True,8
1466,DBMS,20,False,2
1466,CN,17,False,3
1466,AI,22,True,5
1466,SE,28,True,10
1467,OS,11,True,2
1467,DBMS,6,True,2
1467,CN,15,True,1
1467,AI,26,False,4
1467,SE,26,False,10
1468,OS,20,False,9
1468,DBMS,16,True,7
1468,CN,14,True,10
1468,AI,13,False,7
1468,SE,20,False,7
1469,OS,16,True,8
1469,DBMS,14,False,9
1469,CN,12,False,6
1469,AI,9,False,3
1469,SE,20,False,1
1470,OS,28,False,5
1470,DBMS,9,True,6
1470,CN,5,True,9
1470,AI,13,True,4
1470,SE,8,True,4
1471,OS,15,False,2
1471,DBMS,26,True,5
1471,CN,16,True,2
1471,AI,22,True,8
1471,SE,11,False,1
1472,OS,16,False,8
1472,DBMS,5,True,4
1472,CN,11,True,6
1472,AI,15,True,4
1472,SE,24,True,1
1473,OS,16,True,7
1473,DBMS,20,True,5
1473,CN,15,False,7
1473,AI,27,True,7
1473,SE,20,False,9
1474,OS,28,True,2
1474,DBMS,8,False,5
1474,CN,24,True,8
1474,AI,27,False,4
1474,SE,19,True,9
1475,OS,5,False,8
1475,DBMS,9,True,8
1475,CN,15,True,1
1475,AI,29,True,10
1475,SE,10,True,8
1476,OS,13,True,9
1476,DBMS,28,False,9
1476,CN,9,True,7
1476,AI,20,False,2
1476,SE,15,False,10
1477,OS,7,False,1
1477,DBMS,9,False,4
1477,CN,7,False,8
1477,AI,5,False,4
1477,SE,16,False,8
1478,OS,5,False,8
1478,DBMS,5,True,5
1478,CN,7,True,6
1478,AI,15,False,6
1478,SE,17,False,9
1479,OS,8,True,10
1479,DBMS,22,False,7
1479,CN,15,False,10
1479,AI,20,True,6
1479,SE,30,True,6
1480,OS,18,False,1
1480,DBMS,17,True,9
1480,CN,15,False,5
1480,AI,22,True,5
1480,SE,9,False,4
1481,OS,6,False,6
1481,DBMS,28,True,3
1481,CN,26,False,8
1481,AI,9,True,7
1481,SE,25,True,8
1482,OS,18,True,7
1482,DBMS,28,False,6
1482,CN,7,True,3
1482,AI,20,False,6
1482,SE,15,False,7
1483,OS,17,True,7
1483,DBMS,23,False,8
1483,CN,23,False,9
1483,AI,18,False,6
1483,SE,24,True,1
1484,OS,10,True,7
1484,DBMS,18,True,5
1484,CN,25,False,6
1484,AI,13,False,4
1484,SE,7,True,8
1485,OS,30,True,6
1485,DBMS,22,True,2
1485,CN,23,False,8
1485,AI,20,True,3
1485,SE,17,False,10
1486,OS,30,False,3
1486,DBMS,26,False,8
1486,CN,10,True,1
1486,AI,22,True,1
1486,SE,15,False,5
1487,OS,19,True,8
1487,DBMS,19,True,8
1487,CN,8,False,4
1487,AI,12,False,4
1487,SE,17,True,1
1488,OS,9,True,2
1488,DBMS,20,False,3
1488,CN,24,True,1
1488,AI,22,False,7
1488,SE,20,True,7
1489,OS,22,False,10
1489,DBMS,14,False,10
1489,CN,15,True,8
1489,AI,17,False,2
1489,SE,28,True,1
1490,OS,30,False,1
1490,DBMS,28,True,10
1490,CN,20,False,6
1490,AI,15,False,10
1490,SE,12,True,10
1491,OS,22,True,7
1491,DBMS,11,True,1
1491,CN,10,False,3
1491,AI,21,True,1
1491,SE,10,False,4
1492,OS,24,True,1
1492,DBMS,20,False,9
1492,CN,28,True,1
1492,AI,25,True,9
1492,SE,29,True,5
1493,OS,14,True,4
1493,DBMS,8,True,8
1493,CN,24,True,4
1493,AI,26,True,4
1493,SE,24,False,3
1494,OS,6,False,6
1494,DBMS,24,True,8
1494,CN,16,True,6
1494,AI,15,True,10
1494,SE,12,False,1
1495,OS,24,True,8
1495,DBMS,26,True,5
1495,CN,10,True,10
1495,AI,23,True,2
1495,SE,19,True,6
1496,OS,28,False,2
1496,DBMS,23,True,7
1496,CN,19,False,10
1496,AI,24,True,1
1496,SE,19,False,8
1497,OS,28,True,3
1497,DBMS,23,False,7
1497,CN,20,True,3
1497,AI,10,True,7
1497,SE,19,False,3
1498,OS,7,True,2
1498,DBMS,15,True,2
1498,CN,9,False,2
1498,AI,30,True,8
1498,SE,24,False,2
1499,OS,5,True,10
1499,DBMS,23,False,3
1499,CN,21,True,8
1499,AI,28,True,10
1499,SE,17,True,2
1500,OS,16,False,5
1500,DBMS,7,False,5
1500,CN,5,False,9
1500,AI,14,False,2
1500,SE,30,True,8
